,最終更新日時,,,,,182.23000000000002,ユーロ,,,,,,,,,,,,,,,,,,
,Tue Mar 03 2026 22:27:00 GMT+0900 (Japan Standard Time),,,,,159.33599,ドル,,,,,,,,,,,,,,,,,,
月,取引相手,No.,支払い日,商品名,注文数,商品価格,通貨,商品価格(円),状況,,仕入れ,東京からの発送(仕入れ終了),,数量×商品価格(円),仕入れ合計,還付,送料(1つ550円),還付込み利益,累積利益,,,,,,
1,ルカ,123,Mon Jan 06 2025 09:00:00 GMT+0900 (Japan Standard Time),3DSLL ランダムカラー ブラック優先,20,110,ユーロ,18011.4,complete,,済,,,360228,331365,12406,6000,35269,35269,,,,,,
1,ルカ,124,Mon Jan 06 2025 09:00:00 GMT+0900 (Japan Standard Time),Vita 2000 ホワイト,10,120,ユーロ,19648.800000000003,complete,,済,,,196488.00000000003,164510,8536,3000,37514.00000000003,72783.00000000003,,,,,,
1,ルカ,125,Mon Jan 06 2025 09:00:00 GMT+0900 (Japan Standard Time),wii リモコン,20,12,ユーロ,1964.88,complete,,済,,,39297.600000000006,18462,451,6000,15286.600000000006,88069.60000000003,,,,,,
1,ルカ,126,Mon Jan 06 2025 09:00:00 GMT+0900 (Japan Standard Time),PSP 3000&2000 ブラック、レッド、グリーン、少し青,30,65,ユーロ,10502.05,complete,,済,,,315061.5,271230,24657,9000,59488.5,147558.10000000003,,,,,,
1,サミー,127,Tue Jan 07 2025 09:00:00 GMT+0900 (Japan Standard Time),PS Vita(ゲームボーイカラー2台),18,106.6,ドル,16809.753999999997,complete,,,,,302575.5719999999,267378,24307,6000,53504.57199999993,201062.67199999996,,,,,,
1,サミー,128,Mon Jan 06 2025 09:00:00 GMT+0900 (Japan Standard Time),PSP 3000,15,68,ドル,10722.92,complete,,,,,160843.8,131250,11932,4500,37025.79999999999,238088.47199999995,,,,,,
1,サミー,130,Mon Jan 06 2025 09:00:00 GMT+0900 (Japan Standard Time),PS Vita 1000,10,120,ドル,18922.8,complete,,,,,189228,144940,13176,3000,54464,292552.47199999995,,,,,,
1,デボン,131,Mon Jan 06 2025 09:00:00 GMT+0900 (Japan Standard Time),PS Vita 2000 ブラック,30,110,ドル,16998.3,complete,,済,,,509949,420786,36982,9000,117145,409697.47199999995,,,,,,
1,デボン,132,Tue Jan 07 2025 09:00:00 GMT+0900 (Japan Standard Time),スイッチセット,50,148,ドル,22635.12,complete,,,,,1131756,1000000,90909.09090909091,75000,147665.0909090909,557362.5629090909,,,,,,
1,ルカ,133,Wed Jan 08 2025 09:00:00 GMT+0900 (Japan Standard Time),wii リモコンプラス,20,16,ユーロ,2613.28,complete,,済,,,52265.600000000006,31994,1115,6000,15386.600000000006,572749.1629090909,,,,,,
1,ルカ,134,Wed Jan 08 2025 09:00:00 GMT+0900 (Japan Standard Time),New 3DS LL 青以外,20,158,ユーロ,25806.140000000003,complete,,済 ※在庫使用,,,516122.80000000005,460537,26981,6000,76566.80000000005,649315.9629090909,,,,,,
1,デボン,135,Tue Jan 14 2025 09:00:00 GMT+0900 (Japan Standard Time),PSP3000,30,72,ドル,11373.12,complete,,,,,341193.60000000003,261690,23790,9000,94293.60000000003,743609.5629090909,,,,,,
1,デボン,136,Tue Jan 14 2025 09:00:00 GMT+0900 (Japan Standard Time),スイッチライト,100,96,ドル,15164.16,complete,,,,,1516416,1408930,114186,30000,191672,935281.5629090909,,,,,,
1,ルカ,137,Fri Jan 17 2025 09:00:00 GMT+0900 (Japan Standard Time),Wii クラシックコントローラ,10,12,ユーロ,1931.88,complete,,済,,,19318.800000000003,10612,601,3000,6307.800000000003,941589.3629090909,,,,,,
1,ルカ,137,Fri Jan 17 2025 09:00:00 GMT+0900 (Japan Standard Time),GC オレンジ,5,60,ユーロ,9659.400000000001,complete,,済,,,48297.00000000001,30120,1187,15000,4364.000000000007,945953.3629090909,,,,,,
1,ルカ,137,Fri Jan 17 2025 09:00:00 GMT+0900 (Japan Standard Time),SNES ミニ,1,58,ユーロ,9337.42,complete,,済,,,9337.42,7500,682,500,2019.42,947972.782909091,,,,,,
1,デボン,138,Wed Jan 15 2025 09:00:00 GMT+0900 (Japan Standard Time),スイッチタブレット,100,95,ドル,14855.15,complete,,,,,1485515,1395050,111817,30000,172282,1120254.782909091,,,,,,
1,サミー,139,Wed Jan 15 2025 09:00:00 GMT+0900 (Japan Standard Time),New 3DSLL,10,155.8,ドル,24362.446000000004,complete,,済,,,243624.46000000002,227630,12094,3000,25088.46000000002,1145343.242909091,,,,,,
1,サミー,140,Wed Jan 15 2025 09:00:00 GMT+0900 (Japan Standard Time),New 3DS,4,162,ドル,25331.940000000002,complete,,済,,,101327.76000000001,96679,4182,1200,7630.760000000009,1152974.002909091,,,,,,
1,サミー,140,Wed Jan 15 2025 09:00:00 GMT+0900 (Japan Standard Time),New 2DSLL,4,150,ドル,23455.5,complete,,すべて在庫使用,,,93822,80000,7273,1200,19895,1172869.002909091,,,,,,
1,ルカ,141,Wed Jan 22 2025 09:00:00 GMT+0900 (Japan Standard Time),3DSLL 黒ベース,20,110,ユーロ,17931.1,complete,,済,,,358622,334024,10776,6000,29374,1202243.002909091,,,,,,
1,ルカ,142,Wed Jan 22 2025 09:00:00 GMT+0900 (Japan Standard Time),PSP 3000&2000 黒,10,65,ユーロ,10595.65,complete,,,,,105956.5,87500,7954.545454545455,3000,23411.045454545456,1225654.0483636365,,,,,,
1,デボン,143,Wed Jan 22 2025 09:00:00 GMT+0900 (Japan Standard Time),PS Vita 2000 ブラック,30,110,ドル,17207.3,complete,,,,,516219,457096,34874,9000,84997,1310651.0483636365,,,,,,
1,ルカ,144,Wed Jan 22 2025 09:00:00 GMT+0900 (Japan Standard Time),New 3DSLL ホワイト,5,155,ユーロ,25266.55,complete,,,,,126332.75,129110,11737,1500,7459.75,1318110.7983636365,,,,,,
1,ルカ,145,Mon Jan 27 2025 09:00:00 GMT+0900 (Japan Standard Time),3DS,15,70,ユーロ,11393.199999999999,complete,,,,,170897.99999999997,155770,6745,4500,17372.99999999997,1335483.7983636365,,,,,,
1,ルカ,146,Mon Jan 27 2025 09:00:00 GMT+0900 (Japan Standard Time),PSP1000 ランダムカラー,20,35,ユーロ,5696.599999999999,complete,,,,,113931.99999999999,100000,9090.90909090909,6000,17022.909090909074,1352506.7074545457,,,,,,
1,ルカ,147,Wed Jan 29 2025 09:00:00 GMT+0900 (Japan Standard Time),3DSLL 黒ベース,30,110,ユーロ,17784.8,complete,,,,,533544,497389,10729,9000,37884,1390390.7074545457,,,,,,
1,デボン,148,Wed Jan 29 2025 09:00:00 GMT+0900 (Japan Standard Time),スイッチライト,100,92,ドル,14287.6,complete,,,,,1428760,1400083,126008,30000,124685,1515075.7074545457,,,,,,
1,サミー,149,Thu Jan 30 2025 09:00:00 GMT+0900 (Japan Standard Time),DSi LL,15,50,ドル,7731,complete,,,,,115965,118154,5951,4500,-738,1514337.7074545457,,,,,,
1,ルカ,150,Fri Jan 31 2025 09:00:00 GMT+0900 (Japan Standard Time),Vita2000 ランダムカラー,30,100,ユーロ,16083.000000000002,complete,,,,,482490.00000000006,426000,38727,9000,86217.00000000006,1600554.7074545457,,,,,,
1,ルカ,150,Fri Jan 31 2025 09:00:00 GMT+0900 (Japan Standard Time),PSP3000,5,50,ユーロ,8041.500000000001,complete,,,,,40207.50000000001,43750,3977,1500,-1065.4999999999927,1599489.2074545457,,,,,,
1,サミー,151,Fri Jan 31 2025 09:00:00 GMT+0900 (Japan Standard Time),Vita1000,10,108,ドル,16687.079999999998,complete,,,,,166870.8,148250,13477,3000,29097.79999999999,1628587.0074545457,,,,,,
1,サミー,152,Fri Jan 31 2025 09:00:00 GMT+0900 (Japan Standard Time),Vita2000,13,107,ドル,16532.57,complete,,,,,214923.41,182000,16545.454545454544,3900,45568.86454545455,1674155.8720000002,,,,,,
2,デボン,153,Mon Feb 03 2025 09:00:00 GMT+0900 (Japan Standard Time),スイッチセット,50,145,ドル,22357.55,complete,,,,,1117877.5,1000000,90909.09090909091,75000,133786.5909090909,133786.5909090909,,,,,,
2,サミー,154,Mon Feb 03 2025 09:00:00 GMT+0900 (Japan Standard Time),New2DSLL,4,155,ドル,23983.149999999998,complete,,,,,95932.59999999999,87898,5960,1200,12794.599999999991,146581.19090909092,,,,,,
2,サミー,154,Mon Feb 03 2025 09:00:00 GMT+0900 (Japan Standard Time),New3DS,4,167,ドル,25839.91,complete,,,,,103359.64,96510,2180,1200,7829.639999999999,154410.83090909093,,,,,,
2,サミー,154,Mon Feb 03 2025 09:00:00 GMT+0900 (Japan Standard Time),3DSLL,4,125,ドル,19341.25,complete,,,,,77365,73498,3473,1200,6140,160550.83090909093,,,,,,
2,ルカ,155,Mon Feb 10 2025 09:00:00 GMT+0900 (Japan Standard Time),Wii リモコン,20,12,ユーロ,1879.56,complete,,,,,37591.2,15516,167,6000,16242.199999999997,176793.03090909094,,,,,,
2,Like,156,Fri Feb 07 2025 09:00:00 GMT+0900 (Japan Standard Time),Vita 2000 ランダムカラー,12,105,ドル,15914.849999999999,complete,,,,,190978.19999999998,168000,15272.727272727272,3600,34650.927272727255,195201.75818181818,,,,,,
2,Like,157,Fri Feb 07 2025 09:00:00 GMT+0900 (Japan Standard Time),Vita 2000 ランダムカラー,12,105,ドル,15914.849999999999,complete,,,,,190978.19999999998,168000,15272.727272727272,3600,34650.927272727255,229852.68545454543,,,,,,
2,Like,158,Fri Feb 07 2025 09:00:00 GMT+0900 (Japan Standard Time),Vita 2000 ランダムカラー,6,105,ドル,15914.849999999999,complete,,,,,95489.09999999999,84000,7636.363636363636,1800,17325.463636363627,247178.14909090905,,,,,,
2,デボン,159,Sat Feb 08 2025 09:00:00 GMT+0900 (Japan Standard Time),PSP3000,50,72,ドル,10900.800000000001,complete,,,,,545040,436350,38977,15000,132667,379845.14909090905,,,,,,
2,デボン,160,Sat Feb 08 2025 09:00:00 GMT+0900 (Japan Standard Time),PS Vita 2000 ブラック,50,106,ドル,16048.400000000001,complete,,,,,802420.0000000001,795617,64300,15000,56103.00000000012,435948.14909090917,,,,,,
2,ルカ,161,Mon Feb 10 2025 09:00:00 GMT+0900 (Japan Standard Time),Vita 1000,20,100,ユーロ,15663,complete,,,,,313260,269499,23318,6000,61079,497027.14909090917,,,,,,
2,ルカ,161,Mon Feb 10 2025 09:00:00 GMT+0900 (Japan Standard Time),New 2DSLL ラベンダー,3,165,ユーロ,25843.95,complete,,,,,77531.85,83857,5098,900,-2127.149999999994,494899.99909090914,,,,,,
2,サミー,162,Sat Feb 08 2025 09:00:00 GMT+0900 (Japan Standard Time),New3DSLL,14,175,ドル,26495,complete,,,,,370930,339425,17760,4200,45065,539964.9990909091,,,,,,
2,Like,163,,スイッチタブレット 有機,8,145,ドル,21950.1,complete,,,,,175600.8,152000,13818.181818181818,2400,35018.981818181805,574983.980909091,,,,,,
2,ルカ,164,Mon Feb 10 2025 09:00:00 GMT+0900 (Japan Standard Time),Wii リモコン,40,12,ユーロ,1879.56,complete,,,,,75182.4,34063,954,12000,30073.399999999994,605057.380909091,,,,,,
2,ルカ,165,Tue Feb 11 2025 09:00:00 GMT+0900 (Japan Standard Time),New3DSLL ブラック,20,166,ユーロ,26246.260000000002,complete,,,,,524925.2000000001,477812,14990,6000,56103.20000000007,661160.580909091,,,,,,
2,ルカ,165,Tue Feb 11 2025 09:00:00 GMT+0900 (Japan Standard Time),New3DSLL ライム,5,168,ユーロ,26562.480000000003,complete,,,,,132812.40000000002,125020,0,1500,6292.400000000023,667452.9809090911,,,,,,
2,ルカ,166,Tue Feb 11 2025 09:00:00 GMT+0900 (Japan Standard Time),Wii リモコンプラス,10,16,ユーロ,2529.76,complete,,,,,25297.600000000002,15037,692,3000,7952.600000000002,675405.580909091,,,,,,
2,ルカ,167,Tue Feb 11 2025 09:00:00 GMT+0900 (Japan Standard Time),Vita 2000 アクアブルー&ホワイト,10,110,ユーロ,17392.100000000002,complete,,前回破損分として1台追加で出荷,,,173921.00000000003,181249,10471,3300,-156.9999999999709,675248.580909091,,,,,,
2,ルカ,169,Mon Feb 17 2025 09:00:00 GMT+0900 (Japan Standard Time),PSP1000 ランダムカラー,30,35,ユーロ,5562.2,complete,,,,,166866,150000,13636.363636363636,9000,21502.363636363636,696750.9445454547,,,,,,
2,ルカ,169,Mon Feb 17 2025 09:00:00 GMT+0900 (Japan Standard Time),PSP2000 ランダムカラー,30,45,ユーロ,7151.4,complete,,,,,214542,180000,16363.636363636364,9000,41905.63636363637,738656.580909091,,,,,,
2,ルカ,170,Mon Feb 17 2025 09:00:00 GMT+0900 (Japan Standard Time),3DS LL 白ベース (黒も含める),20,110,ユーロ,17481.199999999997,complete,,,,,349623.99999999994,332415,17157,6000,28365.99999999994,767022.580909091,,,,,,
2,デボン,171,Tue Feb 18 2025 09:00:00 GMT+0900 (Japan Standard Time),PSP,50,72,ドル,10949.76,complete,,,,,547488,437500,39772.72727272727,15000,134760.72727272726,901783.3081818183,,,,,,
2,ルカ,172,Fri Feb 21 2025 09:00:00 GMT+0900 (Japan Standard Time),PSP1000 ランダムカラー,30,35,ユーロ,5512.150000000001,complete,,,,,165364.50000000003,150000,13636.363636363636,9000,20000.863636363665,921784.171818182,,,,,,
2,ルカ,172,Fri Feb 21 2025 09:00:00 GMT+0900 (Japan Standard Time),PSP2000 ランダムカラー,30,45,ユーロ,7087.05,complete,,,,,212611.5,180000,16363.636363636364,9000,39975.13636363637,961759.3081818183,,,,,,
2,Like,174,,スイッチライト,20,98,ドル,14750.960000000001,complete,,,,,295019.2,303576,24007,6000,9450.200000000012,971209.5081818183,,,,,,
2,Like,175,,スイッチライト,20,98,ドル,14750.960000000001,complete,,,,,295019.2,260000,23636.363636363636,6000,52655.563636363644,1023865.0718181819,,,,,,
2,Like,176,,スイッチライト,10,98,ドル,14750.960000000001,complete,,,,,147509.6,130000,11818.181818181818,3000,26327.781818181822,1050192.8536363638,,,,,,
2,サミー,177,Fri Feb 21 2025 09:00:00 GMT+0900 (Japan Standard Time),PSP3000 ランダムカラー,20,74,ドル,11138.480000000001,complete,,,,,222769.60000000003,175000,15909.09090909091,6000,57678.69090909095,1107871.5445454547,,,,,,
2,サミー,178,Fri Feb 21 2025 09:00:00 GMT+0900 (Japan Standard Time),3DSLL 15ドル値引き,12,128.75,ドル,19199.2,complete,,,,,230390.40000000002,217006,5000,3600,14784.400000000023,1122655.9445454548,,,,,,
2,サミー,179,Sun Feb 23 2025 09:00:00 GMT+0900 (Japan Standard Time),Vita2000,26,120,ドル,17907.6,complete,,,,,465597.6,415958,36269,7800,78108.59999999998,1200764.544545455,,,,,,
2,サミー,179,Sun Feb 23 2025 09:00:00 GMT+0900 (Japan Standard Time),Vita1000,7,120,ドル,17907.6,complete,,,,,125353.19999999998,109199,8745,2100,22799.199999999983,1223563.7445454549,,,,,,
2,ルカ,180,Sun Feb 23 2025 09:00:00 GMT+0900 (Japan Standard Time),New3DSLL ランダムカラー,20,150,ユーロ,23445,complete,,,,,468900,468249,40593,6000,35244,1258807.7445454549,,,,,,
2,ルカ,181,Sun Feb 23 2025 09:00:00 GMT+0900 (Japan Standard Time),3DS ランダムカラー,10,70,ユーロ,10941,complete,,,,,109410,99761,6315,3000,12964,1271771.7445454549,,,,,,
2,ヴィン,182,Thu Feb 27 2025 09:00:00 GMT+0900 (Japan Standard Time),スイッチ未対策,7,110,ドル,16415.3,complete,,,,,114907.09999999999,108760,0,2100,4047.0999999999913,1275818.844545455,,,,,,
2,デボン,183,Tue Feb 25 2025 09:00:00 GMT+0900 (Japan Standard Time),スイッチタブレット,50,90,ドル,13404.6,complete,,,,,670230,684918,51245,15000,21557,1297375.844545455,,,,,,
2,サミー,184,Thu Feb 27 2025 09:00:00 GMT+0900 (Japan Standard Time),New2DSLL,12,155,ドル,23228.300000000003,complete,,,,,278739.60000000003,269609,20262,3600,25792.600000000035,1323168.444545455,,,,,,
2,Like,185,,スイッチタブレット,20,110,ドル,16481.300000000003,complete,,,,,329626.00000000006,277170,25197,6000,71653.00000000006,1394821.444545455,,,,,,
2,Like,186,,スイッチタブレット,20,110,ドル,16481.300000000003,complete,,,,,329626.00000000006,280000,25454.545454545456,6000,69080.54545454551,1463901.9900000005,,,,,,
2,Like,187,,スイッチタブレット,10,110,ドル,16481.300000000003,complete,,,,,164813.00000000003,238000,21636.363636363636,3000,-54550.63636363634,1409351.3536363642,,,,,,
3,サミー,188,Tue Mar 04 2025 09:00:00 GMT+0900 (Japan Standard Time),PSP 3000 ランダムカラー,20,74,ドル,10976.42,complete,,,,,219528.4,175000,15909.09090909091,6000,54437.490909090906,54437.490909090906,,,,,,
3,デボン,189,Mon Mar 03 2025 09:00:00 GMT+0900 (Japan Standard Time),PSP,50,72,ドル,10754.64,complete,,,,,537732,437500,39772.72727272727,15000,125004.72727272726,179442.21818181817,,,,,,
3,ルカ,190,Tue Mar 04 2025 09:00:00 GMT+0900 (Japan Standard Time),PSP2000 ランダムカラー,30,40,ユーロ,6325.2,complete,,,,,189756,180000,16363.636363636364,9000,17119.636363636364,196561.85454545452,,,,,,
3,デボン,191,Mon Mar 03 2025 09:00:00 GMT+0900 (Japan Standard Time),スイッチライト,20,92,ドル,13742.04,complete,,,,,274840.80000000005,218171,19834,6000,70503.80000000005,267065.65454545454,,,,,,
3,ルカ,192,Tue Mar 04 2025 09:00:00 GMT+0900 (Japan Standard Time),PS Vita 2000 ブラック,10,115,ユーロ,18184.95,complete,,,,,181849.5,167249,12304,3000,23904.5,290970.15454545454,,,,,,
3,ルカ,193,Tue Mar 04 2025 09:00:00 GMT+0900 (Japan Standard Time),PS3 Controller ランダムカラー,40,15,ユーロ,2371.95,complete,,,,,94878,94905,5703,12000,-6324,284646.15454545454,,,,,,
3,Like,194,,PS Vita 2000 ランダムカラー,20,120,ドル,17654.4,complete,,,,,353088,320000,29090.909090909092,6000,56178.90909090909,340825.0636363636,,,,,,
3,Like,195,,PS Vita 2000 ランダムカラー,20,120,ドル,17654.4,complete,,,,,353088,320000,29090.909090909092,6000,56178.90909090909,397003.97272727266,,,,,,
3,Like,196,,PS Vita 2000 ランダムカラー,10,120,ドル,17654.4,complete,,,,,176544,157800,14345.454545454546,3000,30089.454545454544,427093.4272727272,,,,,,
3,Like,197,,switch 有機タブレット,12,145,ドル,21332.4,complete,,,,,255988.80000000002,240000,21818.18181818182,3600,34206.98181818184,461300.40909090906,,,,,,
3,Like,198,,switch 有機タブレット,12,145,ドル,21332.4,complete,,,,,255988.80000000002,240000,21818.18181818182,3600,34206.98181818184,495507.3909090909,,,,,,
3,Like,199,,switch 有機タブレット,6,145,ドル,21332.4,complete,,,,,127994.40000000001,119560,3636,1800,10270.400000000009,505777.7909090909,,,,,,
3,Like,200,,スイッチライト,12,98,ドル,14417.76,complete,,,,,173013.12,166837,15167,3600,17743.119999999995,523520.9109090909,,,,,,
3,Like,201,,スイッチライト,12,98,ドル,14417.76,complete,,,,,173013.12,170819,14256,3600,12850.119999999995,536371.0309090909,,,,,,
3,Like,202,,スイッチライト,6,98,ドル,14417.76,complete,,,,,86506.56,86428,7857,1800,6135.559999999998,542506.5909090908,,,,,,
3,デボン,203,Tue Mar 04 2025 09:00:00 GMT+0900 (Japan Standard Time),PS Vita 2000 ブラック,50,114,ドル,16989.420000000002,complete,,,,,849471.0000000001,692030,62912,15000,205353.00000000012,747859.5909090909,,,,,,
3,デボン,204,Tue Mar 04 2025 09:00:00 GMT+0900 (Japan Standard Time),スイッチセット,50,145,ドル,21609.35,complete,,,,,1080467.5,1000000,90909.09090909091,75000,96376.59090909091,844236.1818181819,,,,,,
3,サミー,205,Tue Mar 04 2025 09:00:00 GMT+0900 (Japan Standard Time),PS Vita 2000 ランダムカラー,23,125,ドル,18541.25,complete,,,,,426448.75,363100,33009,6900,89457.75,933693.9318181819,,,,,,
3,サミー,205,Tue Mar 04 2025 09:00:00 GMT+0900 (Japan Standard Time),PS Vita 1000 ランダムカラー,7,118,ドル,17502.940000000002,complete,,,,,122520.58000000002,112000,10182,2100,18602.580000000016,952296.511818182,,,,,,
3,ヴィン,207,,switchタブレット 未対策,10,110,ドル,16280,complete,,,,,162800,150000,13636.363636363636,3000,23436.363636363636,975732.8754545456,,,,,,
3,デボン,211,Mon Mar 10 2025 09:00:00 GMT+0900 (Japan Standard Time),PSP,100,70,ドル,10277.4,complete,,,,,1027740,875000,79545.45454545454,30000,202285.45454545453,1178018.33,,,,,,
3,サミー,212,Wed Mar 12 2025 09:00:00 GMT+0900 (Japan Standard Time),PS Vita 2000 ランダムカラー,24,125,ドル,18537.5,complete,,,,,444900,384000,34909.09090909091,7200,88609.09090909091,1266627.420909091,,,,,,
3,サミー,212,Wed Mar 12 2025 09:00:00 GMT+0900 (Japan Standard Time),PS Vita 1000 ランダムカラー,6,118,ドル,17499.4,complete,,,,,104996.40000000001,92560,8414.545454545454,1800,19050.945454545465,1285678.3663636365,,,,,,
3,サミー,213,Thu Mar 13 2025 09:00:00 GMT+0900 (Japan Standard Time),New 3DSLL,18,175,ドル,25929.749999999996,complete,,,,,466735.49999999994,467555,29007,5400,22787.49999999994,1308465.8663636365,,,,,,
3,ルカ,214,Thu Mar 13 2025 09:00:00 GMT+0900 (Japan Standard Time),3DSLL ランダムカラー,20,115,ユーロ,18593.2,complete,,,,,371864,338520,8741,6000,36085,1344550.8663636365,,,,,,
3,ルカ,215,Thu Mar 13 2025 09:00:00 GMT+0900 (Japan Standard Time),New 3DSLL ランダムカラー,20,165,ユーロ,26677.2,complete,,,,,533544,487353,12627,6000,52818,1397368.8663636365,,,,,,
3,ルカ,216,Sat Mar 15 2025 09:00:00 GMT+0900 (Japan Standard Time),Wii リモコンプラス,15,16,ユーロ,2607.04,complete,,,,,39105.6,19205,0,4500,15400.599999999999,1412769.4663636365,,,,,,
3,ルカ,217,Tue Mar 18 2025 09:00:00 GMT+0900 (Japan Standard Time),3DSLL ランダムカラー,20,130,ユーロ,21240.699999999997,complete,,,,,424813.99999999994,372238,21027,6000,67602.99999999994,1480372.4663636365,,,,,,
3,デボン,218,Wed Mar 19 2025 09:00:00 GMT+0900 (Japan Standard Time),PSP,100,70,ドル,10402.7,complete,,,,,1040270.0000000001,875000,79545.45454545454,30000,214815.45454545465,1695187.9209090911,,,,,,
3,ルカ,219,Thu Mar 20 2025 09:00:00 GMT+0900 (Japan Standard Time),3DSLL ランダムカラー,20,130,ユーロ,20963.8,complete,,,,,419276,379679,15674,6000,49271,1744458.9209090911,,,,,,
3,ルカ,220,Thu Mar 20 2025 09:00:00 GMT+0900 (Japan Standard Time),New 3DSLL ランダムカラー,20,175,ユーロ,28220.5,complete,,,,,564410,499206,25693,6000,84897,1829355.9209090911,,,,,,
3,サミー,221,Fri Mar 21 2025 09:00:00 GMT+0900 (Japan Standard Time),New 2DSLL,5,155,ドル,23172.5,complete,,,,,115862.5,117243,6435,1500,3554.5,1832910.4209090911,,,,,,
3,サミー,221,Fri Mar 21 2025 09:00:00 GMT+0900 (Japan Standard Time),Vita 1000,5,120,ドル,17940,complete,,,,,89700,75750,6886.363636363636,1500,19336.363636363636,1852246.7845454547,,,,,,
3,Like,222,,Switchタブレット,20,110,ドル,16516.5,complete,,,,,330330,185900,16900,6000,155330,2007576.7845454547,,,,,,
3,Like,223,,Switchタブレット,20,110,ドル,16516.5,complete,,,,,330330,267290,23045,6000,80085,2087661.7845454547,,,,,,
3,Like,224,,Switchタブレット,10,110,ドル,16516.5,complete,,,,,165165,140190,12744.545454545454,3000,34719.545454545456,2122381.33,,,,,,
3,ルカ,225,Mon Mar 24 2025 09:00:00 GMT+0900 (Japan Standard Time),PS Vita 2000 アクアブルー,10,130,ユーロ,21164,complete,,,,,211640,159961,8345,3000,57024,2179405.33,,,,,,
3,デボン,226,Tue Mar 25 2025 09:00:00 GMT+0900 (Japan Standard Time),スイッチセット,50,145,ドル,21699.25,complete,,,,,1084962.5,1000000,90909.09090909091,75000,100871.59090909091,2280276.920909091,,,,,,
3,ルカ,227,Tue Mar 25 2025 09:00:00 GMT+0900 (Japan Standard Time),3DSLL ランダムカラー,30,130,ユーロ,21034,complete,,,,,631020,500548,20405,9000,141877,2422153.920909091,,,,,,
3,ルカ,228,Fri Mar 28 2025 09:00:00 GMT+0900 (Japan Standard Time),PSP1000 ランダムカラー,30,28,ユーロ,4542.72,complete,,,,,136281.6,150000,13636.363636363636,9000,-9082.036363636358,2413071.8845454548,,,,,,
3,ルカ,228,Fri Mar 28 2025 09:00:00 GMT+0900 (Japan Standard Time),PSP2000 ランダムカラー,30,38,ユーロ,6165.120000000001,complete,,,,,184953.60000000003,180000,16363.636363636364,9000,12317.236363636399,2425389.120909091,,,,,,
4,サミー,229,Tue Apr 01 2025 09:00:00 GMT+0900 (Japan Standard Time),PS Vita,22,115,ドル,17213.2,complete,,,,,378690.4,348748,31704,6600,55046.40000000002,2480435.520909091,,,,,,
4,サミー,230,Tue Apr 01 2025 09:00:00 GMT+0900 (Japan Standard Time),New 2DSLL,4,158,ドル,23649.440000000002,complete,,,,,94597.76000000001,99456,9041,1200,2982.7600000000093,2483418.2809090912,,,,,,
4,サミー,231,Thu Apr 03 2025 09:00:00 GMT+0900 (Japan Standard Time),New 3DSLL,18,190,ドル,28490.499999999996,complete,,,,,512828.99999999994,486937,15289,5400,35780.99999999994,35780.99999999994,,,,,,
4,サミー,232,Thu Apr 03 2025 09:00:00 GMT+0900 (Japan Standard Time),New 3DS,10,180,ドル,26990.999999999996,complete,,,,,269909.99999999994,259451,14202,3000,21660.99999999994,57441.99999999988,,,,,,
4,サミー,233,Fri Apr 04 2025 09:00:00 GMT+0900 (Japan Standard Time),PSP3000,30,72,ドル,10478.16,complete,,,,,314344.8,270000,24545.454545454544,9000,59890.25454545453,117332.25454545442,,,,,,
4,ルカ,234,Fri Apr 04 2025 09:00:00 GMT+0900 (Japan Standard Time),PS Vita 2000,15,130,ユーロ,20945.600000000002,complete,,,,,314184.00000000006,226610,20601,4500,103675.00000000006,221007.25454545446,,,,,,
4,ルカ,235,Fri Apr 04 2025 09:00:00 GMT+0900 (Japan Standard Time),New 3DSLL ランダムカラー,30,170,ユーロ,27390.4,complete,,,,,821712,,,9000,,221007.25454545446,,,,,,
4,ルカ,236,Fri Apr 04 2025 09:00:00 GMT+0900 (Japan Standard Time),PSP1000 ランダムカラー,20,28,ユーロ,4511.360000000001,complete,,,,,90227.20000000001,100000,9090.90909090909,6000,-6681.890909090898,214325.36363636356,,,,,,
4,ルカ,236,Fri Apr 04 2025 09:00:00 GMT+0900 (Japan Standard Time),PSP2000 ランダムカラー,20,38,ユーロ,6122.56,complete,,,,,122451.20000000001,120000,10909.09090909091,6000,7360.290909090922,221685.65454545448,,,,,,
4,Like,237,Fri Apr 04 2025 09:00:00 GMT+0900 (Japan Standard Time),スイッチタブレット,20,110,ドル,16159,complete,,,,,323180,280000,25455,6000,62635,284320.6545454545,,,,,,
4,Like,238,Fri Apr 04 2025 09:00:00 GMT+0900 (Japan Standard Time),スイッチタブレット,20,110,ドル,16159,complete,,,,,323180,272800,24800,6000,69180,353500.6545454545,,,,,,
4,Like,239,Fri Apr 04 2025 09:00:00 GMT+0900 (Japan Standard Time),スイッチタブレット,10,110,ドル,16159,complete,,,,,161590,68161,11878,3000,102307,455807.6545454545,,,,,,
4,Like,240,Fri Apr 04 2025 09:00:00 GMT+0900 (Japan Standard Time),スイッチライト,20,95,ドル,13955.5,complete,,,,,279110,268137,24376,6000,29349,485156.6545454545,,,,,,
4,Like,241,Fri Apr 04 2025 09:00:00 GMT+0900 (Japan Standard Time),スイッチライト,20,95,ドル,13955.5,complete,,,,,279110,275180,25016,6000,22946,508102.6545454545,,,,,,
4,Like,242,Fri Apr 04 2025 09:00:00 GMT+0900 (Japan Standard Time),スイッチライト,10,95,ドル,13955.5,complete,,,,,139555,140000,12727.272727272728,3000,9282.272727272728,517384.9272727272,,,,,,
4,ルカ,243,Fri Apr 04 2025 09:00:00 GMT+0900 (Japan Standard Time),Wii リモコン,50,12,ユーロ,1933.44,complete,,,,,96672,33789,0,15000,47883,565267.9272727272,,,,,,
4,デボン,244,Thu Apr 03 2025 09:00:00 GMT+0900 (Japan Standard Time),PSP,100,70,ドル,10496.5,complete,,,,,1049650,900660,81878.18181818182,30000,200868.18181818182,766136.1090909091,,,,,,
4,デボン,245,Thu Apr 03 2025 09:00:00 GMT+0900 (Japan Standard Time),PS Vita 2000 ブラック,50,114,ドル,17094.3,complete,,,,,854715,850763,75871,15000,64823,830959.1090909091,,,,,,
4,ルカ,246,Fri Apr 04 2025 09:00:00 GMT+0900 (Japan Standard Time),PS Vita 2000 メタリックレッド,5,130,ユーロ,20945.600000000002,complete,,,,,104728.00000000001,100936,7449,1500,9741.000000000015,840700.1090909091,,,,,,
4,ルカ,247,Fri Apr 11 2025 09:00:00 GMT+0900 (Japan Standard Time),3DS ランダムカラー,10,70,ユーロ,11407.9,complete,,,,,114079,110938,10085,3000,10226,850926.1090909091,,,,,,
4,ルカ,247,Fri Apr 11 2025 09:00:00 GMT+0900 (Japan Standard Time),New 3DS ランダムカラー,10,170,ユーロ,27704.9,complete,,,,,277049,255318,13667,3000,32398,883324.1090909091,,,,,,
4,ルカ,248,Fri Apr 11 2025 09:00:00 GMT+0900 (Japan Standard Time),3DSLL ランダムカラー,30,130,ユーロ,21186.1,complete,,,,,635583,496504,40546,9000,170625,1053949.1090909091,,,,,,
4,ルカ,249,Fri Apr 11 2025 09:00:00 GMT+0900 (Japan Standard Time),New 3DSLL ランダムカラー,30,170,ユーロ,27704.9,complete,,,,,831147,791259,39849,9000,70737,1124686.1090909091,,,,,,
4,サミー,250,Fri Apr 11 2025 09:00:00 GMT+0900 (Japan Standard Time),DS lite ランダムカラー,20,45,ドル,6463.349999999999,complete,,,,,129266.99999999999,115944,8315,6000,15637.999999999985,1140324.1090909091,,,,,,
4,デボン,251,Fri Apr 11 2025 09:00:00 GMT+0900 (Japan Standard Time),スイッチセット,50,145,ドル,20820.55,complete,,,,,1041027.5,1000000,90909.09090909091,75000,56936.59090909091,1197260.7,,,,,,
4,ルカ,252,Sun Apr 20 2025 09:00:00 GMT+0900 (Japan Standard Time),PSVita 2000,40,110,ユーロ,17814.5,complete,,,,,712580,603218,54838,12000,152200,1349460.7,,,,,,
4,ルカ,253,Sun Apr 20 2025 09:00:00 GMT+0900 (Japan Standard Time),PSP 1000,100,28,ユーロ,4534.599999999999,complete,,,,,453459.99999999994,500000,45454.545454545456,30000,-31085.454545454602,1318375.2454545454,,,,,,
4,デボン,254,Fri Apr 18 2025 09:00:00 GMT+0900 (Japan Standard Time),スイッチタブレット,50,100,ドル,14215,complete,,,,,710750,705045,61583,15000,52288,1370663.2454545454,,,,,,
4,ルカ,255,Sun Apr 20 2025 09:00:00 GMT+0900 (Japan Standard Time),PSP3000 ブルー、レッド、グリーン,20,63,ユーロ,10202.849999999999,complete,,,,,204056.99999999997,180430,16402.727272727272,6000,34029.72727272724,1404692.9727272727,,,,,,
4,デボン,256,Mon Apr 21 2025 09:00:00 GMT+0900 (Japan Standard Time),PSP,100,70,ドル,9856,complete,,,,,985600,900000,81818.18181818182,30000,137418.18181818182,1542111.1545454545,,,,,,
4,サミー,257,Mon Apr 21 2025 09:00:00 GMT+0900 (Japan Standard Time),New 2DSLL,7,158,ドル,22262.2,complete,,,,,155835.4,153480,11835,2100,12090.399999999994,1554201.5545454544,,,,,,
4,サミー,257,Mon Apr 21 2025 09:00:00 GMT+0900 (Japan Standard Time),PS Vita 1000,11,120,ドル,16908,complete,,,,,185988,178612,13460,3300,17536,1571737.5545454544,,,,,,
4,Like,258,,スイッチライト,20,95,ドル,13794.95,complete,,,,,275899,279856,25441,6000,15484,1587221.5545454544,,,,,,
4,Like,259,,スイッチライト,20,95,ドル,13794.95,complete,,,,,275899,280000,25454.545454545456,6000,15353.545454545456,1602575.0999999999,,,,,,
4,Like,260,,スイッチライト,10,95,ドル,13794.95,complete,,,,,137949.5,140000,12727.272727272728,3000,7676.772727272728,1610251.8727272726,,,,,,
4,ルカ,261,Thu Apr 24 2025 09:00:00 GMT+0900 (Japan Standard Time),ポケモン プラチナ,2,20,ユーロ,3250.6,complete,,,,,6501.2,8030,730,600,-1398.8000000000002,1608853.0727272725,,,,,,
4,ルカ,261,Thu Apr 24 2025 09:00:00 GMT+0900 (Japan Standard Time),ポケモン HG＆SV,4,45,ユーロ,7313.85,complete,,,,,29255.4,23250,1050,1200,5855.4000000000015,1614708.4727272724,,,,,,
4,ルカ,261,Thu Apr 24 2025 09:00:00 GMT+0900 (Japan Standard Time),ポケモン B2＆W2,4,35,ユーロ,5688.55,complete,,,,,22754.2,16180,1107,1200,6481.200000000001,1621189.6727272724,,,,,,
4,ルカ,262,Thu Apr 24 2025 09:00:00 GMT+0900 (Japan Standard Time),3DSLL ランダムカラー,30,130,ユーロ,21128.9,complete,,,,,633867,515872,39307,9000,148302,1769491.6727272724,,,,,,
4,デボン,263,Thu Apr 24 2025 09:00:00 GMT+0900 (Japan Standard Time),スイッチライト,50,95,ドル,13556.499999999998,complete,,,,,677824.9999999999,760647,69150,15000,-28672.000000000116,1740819.6727272724,,,,,,
4,デボン,264,Thu Apr 24 2025 09:00:00 GMT+0900 (Japan Standard Time),switch有機タブレット,50,140,ドル,19978,complete,,,,,998900,,,15000,,1740819.6727272724,,,,,,
4,デボン,265,Thu Apr 24 2025 09:00:00 GMT+0900 (Japan Standard Time),スイッチセット,50,145,ドル,20691.5,complete,,,,,1034575,1000000,90909.09090909091,75000,50484.09090909091,1791303.7636363632,,,,,,
5,ルカ,266,Thu May 01 2025 09:00:00 GMT+0900 (Japan Standard Time),3DS ランダムカラー,30,70,ユーロ,11445,complete,,,,,343350,329066,27006,9000,32290,1823593.7636363632,,,,,,
5,サミー,267,Sat May 03 2025 09:00:00 GMT+0900 (Japan Standard Time),New 3DSLL,20,200,ドル,28794,complete,,,,,575880,522832,24396,6000,71444,71444,,,,,,
5,サミー,268,Fri May 02 2025 09:00:00 GMT+0900 (Japan Standard Time),New 3DS,20,205,ドル,29513.85,complete,,,,,590277,529557,24009,6000,78729,150173,,,,,,
5,ルカ,269,Thu May 08 2025 09:00:00 GMT+0900 (Japan Standard Time),DSiLL ランダムカラー,15,75,ユーロ,12201,complete,,,,,183015,145823,13186,4500,45878,196051,,,,,,
5,ルカ,270,Thu May 01 2025 09:00:00 GMT+0900 (Japan Standard Time),Vita2000 ランダムカラー,46,110,ユーロ,17985,complete,,,,,827310,711910,64719,13800,13800,209851,,,,,,
5,ルカ,271,Thu May 08 2025 09:00:00 GMT+0900 (Japan Standard Time),PSP 2000,50,38,ユーロ,6181.84,complete,,,,,309092,300000,27272.727272727272,15000,21364.727272727272,231215.72727272726,,,,,,
5,ルカ,272,Thu May 08 2025 09:00:00 GMT+0900 (Japan Standard Time),3DS ランダムカラー,30,70,ユーロ,11387.6,complete,,,,,341628,330000,30000,9000,32628,263843.7272727273,,,,,,
5,ルカ,273,Sat May 17 2025 09:00:00 GMT+0900 (Japan Standard Time),3DS ランダムカラー,50,70,ユーロ,11384.8,complete,,,,,569240,546230,49657.27272727273,15000,57667.272727272735,321511,,,,,,
5,ルカ,274,Thu May 15 2025 09:00:00 GMT+0900 (Japan Standard Time),3DSLL ランダムカラー,30,130,ユーロ,21169.2,complete,,,,,635076,475540,37540,9000,188076,509587,,,,,,
5,ルカ,275,Thu May 15 2025 09:00:00 GMT+0900 (Japan Standard Time),New3DSLL ランダムカラー,30,170,ユーロ,27682.8,complete,,,,,830484,758569,39691,9000,102606,612193,,,,,,
5,ルカ,276,Sat May 17 2025 09:00:00 GMT+0900 (Japan Standard Time),PSP3000 ランダムカラー,60,63,ユーロ,10246.32,complete,,,,,614779.2,540000,49090.90909090909,18000,105870.10909090904,718063.109090909,,,,,,
5,ルカ,280,Thu May 29 2025 09:00:00 GMT+0900 (Japan Standard Time),3DS ランダムカラー,50,65,ユーロ,10666.5,complete,,,,,533325,548050,49822.72727272727,15000,20097.727272727272,738160.8363636363,,,,,,
5,ルカ,281,Thu May 29 2025 09:00:00 GMT+0900 (Japan Standard Time),3DSLL ランダムカラー,50,120,ユーロ,19692,complete,,,,,984600,838590,71963,15000,202973,941133.8363636363,,,,,,
5,ルカ,282,Thu May 29 2025 09:00:00 GMT+0900 (Japan Standard Time),New3DSLL ランダムカラー,50,165,ユーロ,27076.5,complete,,,,,1353825,1257947,79584,15000,160462,1101595.8363636364,,,,,,
5,ルカ,283,Mon Jun 02 2025 09:00:00 GMT+0900 (Japan Standard Time),PSP3000 ランダムカラー,100,60,ユーロ,9788.4,complete,,,,,978840,900000,81818.18181818182,30000,130658.18181818182,1232254.0181818183,,,,,,
5,ルカ,284,Wed Jun 04 2025 09:00:00 GMT+0900 (Japan Standard Time),PSP1000 ランダムカラー,100,28,ユーロ,4584.16,complete,,,,,458416,500000,45454.545454545456,30000,-26129.454545454544,1206124.5636363637,,,,,,
5,ルカ,285,Wed Jun 04 2025 09:00:00 GMT+0900 (Japan Standard Time),PSP2000 ランダムカラー,59,35,ユーロ,5730.2,complete,,,,,338081.8,354000,32181.81818181818,17700,-1436.3818181818315,1204688.1818181819,,,,,,
5,ルカ,286,Wed Jun 04 2025 09:00:00 GMT+0900 (Japan Standard Time),Wii リモコン,50,12,ユーロ,1964.6399999999999,complete,,,,,98232,33789,0,15000,49443,1254131.1818181819,,,,,,
5,サミー,287,Sat May 31 2025 09:00:00 GMT+0900 (Japan Standard Time),PS Vita 2000,40,105,ドル,15149.4,complete,,,,,605976,605730,53780,12000,42026,1296157.1818181819,,,,,,
5,サミー,287,Sat May 31 2025 09:00:00 GMT+0900 (Japan Standard Time),PS Vita 1000,13,113,ドル,16303.64,complete,,,,,211947.32,202488,18408,3900,23967.320000000007,1320124.501818182,,,,,,
7,ルカ,288,Tue Jul 01 2025 09:00:00 GMT+0900 (Japan Standard Time),PS Vita 2000 ランダムカラー,50,105,ユーロ,17889.899999999998,complete,,,,,894494.9999999999,752287,67117,15000,194324.99999999988,194324.99999999988,,,,,,
7,ルカ,289,Wed Jul 02 2025 09:00:00 GMT+0900 (Japan Standard Time),New3DSLL ランダムカラー,10,155,ユーロ,26408.899999999998,complete,,,,,264089,258310,21210,3000,23989,218313.99999999988,,,,,,
7,ルカ,290,Wed Jul 02 2025 09:00:00 GMT+0900 (Japan Standard Time),New2DSLL ランダムカラー,13,160,ユーロ,27112,complete,,,,,352456,321476,22685,3900,49765,268078.9999999999,,,,,,
7,ルカ,291,Wed Jul 02 2025 09:00:00 GMT+0900 (Japan Standard Time),New2DSLL ラベンダーホワイト,5,190,ユーロ,32372.2,complete,,,,,161861,139700,5204,1500,25865,293943.9999999999,,,,,,
6,サミー,292,Sat Jun 21 2025 09:00:00 GMT+0900 (Japan Standard Time),PSP3000,30,72,ドル,10522.800000000001,complete,,,,,315684.00000000006,270000,24545.454545454544,9000,61229.4545454546,61229.4545454546,,,,,,
6,デボン,293,Thu Jun 19 2025 09:00:00 GMT+0900 (Japan Standard Time),3DS ランダムカラー,30,85,ドル,13544.155,complete,,,,,406324.65,429000,39000,9000,7324.650000000023,68554.10454545463,,,,,,
6,デボン,294,Thu Jun 19 2025 09:00:00 GMT+0900 (Japan Standard Time),3DSLL ランダムカラー,30,135,ドル,21511.305000000004,complete,,,,,645339.1500000001,505287,45935.181818181816,9000,176987.33181818196,245541.43636363657,,,,,,
6,デボン,295,Thu Jun 19 2025 09:00:00 GMT+0900 (Japan Standard Time),DS lite ランダムカラー,30,45,ドル,6543.9,complete,,,,,196317,161339,11779,9000,37757,283298.4363636366,,,,,,
7,ルカ,296,Fri Jul 04 2025 09:00:00 GMT+0900 (Japan Standard Time),New3DSLL ランダムカラー,50,165,ユーロ,28038.45,complete,,,,,1401922.5,1249485,95839,15000,233276.5,527220.4999999999,,,,,,
7,ルカ,297,Mon Jul 14 2025 09:00:00 GMT+0900 (Japan Standard Time),3DSLL ランダムカラー,50,115,ユーロ,19775.4,complete,,,,,988770.0000000001,842119,76556,15000,208207.00000000012,735427.5,,,,,,
7,ルカ,298,Mon Jul 14 2025 09:00:00 GMT+0900 (Japan Standard Time),PSVita 1000,10,110,ユーロ,18915.600000000002,complete,,,,,189156.00000000003,170670,13926,3000,29412.00000000003,764839.5,,,,,,
7,ルカ,299,Mon Jul 14 2025 09:00:00 GMT+0900 (Japan Standard Time),New 2DSLL,20,160,ユーロ,27513.600000000002,complete,,,,,550272,506336,30467,6000,68403,833242.5,,,,,,
7,ルカ,300,Mon Jul 14 2025 09:00:00 GMT+0900 (Japan Standard Time),3DS,30,60,ユーロ,10317.6,complete,,,,,309528,330000,30000,9000,528,833770.5,,,,,,
7,ルカ,301,Thu Jul 17 2025 09:00:00 GMT+0900 (Japan Standard Time),PSP3000,100,58,ユーロ,9928.44,complete,,,,,992844,907030,82457.27272727272,30000,138271.2727272727,972041.7727272727,,,,,,
7,ルカ,302,Thu Jul 17 2025 09:00:00 GMT+0900 (Japan Standard Time),PS3コントローラー,50,15,ユーロ,2567.7000000000003,complete,,,,,128385.00000000001,101888,8881,15000,20378.000000000015,992419.7727272727,,,,,,
7,ルカ,303,Thu Jul 17 2025 09:00:00 GMT+0900 (Japan Standard Time),GCコントローラー,20,16,ユーロ,2738.88,complete,,,,,54777.600000000006,38670,3515,6000,13622.600000000006,1006042.3727272727,,,,,,
7,ルカ,304,Thu Jul 17 2025 09:00:00 GMT+0900 (Japan Standard Time),New 3DS　ランダムカラー,10,140,ユーロ,23965.2,complete,,,,,239652,229699,16697,3000,23650,1029692.3727272727,,,,,,
7,ルカ,305,Thu Jul 24 2025 09:00:00 GMT+0900 (Japan Standard Time),New3DSLL ランダムカラー,20,165,ユーロ,28488.899999999998,complete,,,,,569778,499480,27346,6000,91644,1121336.3727272726,,,,,,
8,ルカ,306,Sun Aug 03 2025 09:00:00 GMT+0900 (Japan Standard Time),New3DSLL ランダムカラー,10,165,ユーロ,28135.800000000003,complete,,,,,281358,257676,21152,3000,41834,41834,,,,,,
8,ルカ,306,Sun Aug 03 2025 09:00:00 GMT+0900 (Japan Standard Time),New3DSLL(ダメージあり) ランダムカラー,8,130,ユーロ,22167.600000000002,complete,,,,,177340.80000000002,174000,15818,2400,16758.800000000017,58592.80000000002,,,,,,
8,ルカ,307,Sun Aug 03 2025 09:00:00 GMT+0900 (Japan Standard Time),3DSLL ランダムカラー,30,115,ユーロ,19609.800000000003,complete,,,,,588294.0000000001,507828,46166,9000,117632.00000000012,176224.80000000013,,,,,,
8,ルカ,308,Fri Aug 01 2025 09:00:00 GMT+0900 (Japan Standard Time),GBA Trash condition,10,32,ユーロ,5506.56,complete,,,,,55065.600000000006,52387,491,3000,169.60000000000582,176394.40000000014,,,,,,
8,ルカ,309,Thu Aug 14 2025 09:00:00 GMT+0900 (Japan Standard Time),New3DSLL ランダムカラー,30,165,ユーロ,28267.8,complete,,,,,848034,742053,65268,9000,162249,338643.40000000014,,,,,,
8,ルカ,310,Wed Sep 03 2025 09:00:00 GMT+0900 (Japan Standard Time),3DSLL ランダムカラー,30,115,ユーロ,19855.899999999998,complete,,,,,595676.9999999999,506080,44598,9000,125194.99999999988,463838.4,,,,,,
8,ルカ,311,Sun Aug 31 2025 09:00:00 GMT+0900 (Japan Standard Time),PS VIta 2000 ブラック,13,105,ユーロ,18023.25,complete,,,,,234302.25,195060,17733,3900,53075.25,516913.65,,,,,,
8,ルカ,311,Sun Aug 31 2025 09:00:00 GMT+0900 (Japan Standard Time),DSi レシラム ブラック,2,148,ユーロ,25404.2,complete,,,,,50808.4,44080,4007,600,10135.400000000001,527049.05,,,,,,
8,ルカ,311,Sun Aug 31 2025 09:00:00 GMT+0900 (Japan Standard Time),DSi レシラム ホワイト,1,100,ユーロ,17165,complete,,,,,17165,19800,,300,-2935,524114.05000000005,,,,,,
9,ルカ,312,Tue Sep 09 2025 09:00:00 GMT+0900 (Japan Standard Time),New3DSLL ランダムカラー,30,165,ユーロ,28607.7,complete,,,,,858231,758330,66757,9000,157658,157658,,,,,,
9,ルカ,313,Tue Sep 09 2025 09:00:00 GMT+0900 (Japan Standard Time),PSVita 2000 ホワイト,15,110,ユーロ,19071.8,complete,,,,,286077,281260,17443,4500,17760,175418,,,,,,
9,ルカ,313,Tue Sep 09 2025 09:00:00 GMT+0900 (Japan Standard Time),PSVita 1000 ランダムカラー,11,105,ユーロ,18204.899999999998,complete,,,,,200253.89999999997,178631,16239,3300,34561.899999999965,209979.89999999997,,,,,,
9,ルカ,314,Tue Sep 16 2025 09:00:00 GMT+0900 (Japan Standard Time),3DSLL ランダムカラー,50,115,ユーロ,19938.7,complete,,,,,996935,836270,63253,15000,208918,418897.89999999997,,,,,,
9,ルカ,315,Tue Sep 09 2025 09:00:00 GMT+0900 (Japan Standard Time),New2DSLL ランダムカラー,10,160,ユーロ,27740.8,complete,,,,,277408,266540,20067,3000,27935,446832.89999999997,,,,,,
9,ルカ,316,Sun Sep 28 2025 09:00:00 GMT+0900 (Japan Standard Time),New 3DS ランダムカラー,10,150,ユーロ,26235,complete,,,,,262350,223580,11398,3000,47168,494000.89999999997,,,,,,
9,ルカ,316,Sun Sep 28 2025 09:00:00 GMT+0900 (Japan Standard Time),3DS ランダムカラー,36,65,ユーロ,11368.5,complete,,,,,409266,388620,35329.09090909091,10800,45175.09090909091,539175.9909090908,,,,,,
9,ルカ,316,Sun Sep 28 2025 09:00:00 GMT+0900 (Japan Standard Time),3DSLL ゼルダ,2,210,ユーロ,36729,complete,,,,,73458,56570,5143,600,21431,560606.9909090908,,,,,,
9,サミー,317,Wed Sep 24 2025 09:00:00 GMT+0900 (Japan Standard Time),PSP3000,30,70,ドル,10415.3,complete,,,,,312459,270000,24545,9000,58004,618610.9909090908,,,,,,
9,サミー,317,Wed Sep 24 2025 09:00:00 GMT+0900 (Japan Standard Time),PSP3000,10,80,ドル,11903.199999999999,complete,,,,,119031.99999999999,108939,3800,3000,10892.999999999985,629503.9909090908,,,,,,
10,ルカ,318,Wed Oct 08 2025 09:00:00 GMT+0900 (Japan Standard Time),New2DSLL ランダムカラー,10,160,ユーロ,28348.800000000003,complete,,,,,283488,236090,17117,3000,61515,691018.9909090908,,,,,,
10,ルカ,319,Wed Oct 08 2025 09:00:00 GMT+0900 (Japan Standard Time),PS3 コントローラ ランダムカラー,25,16,ユーロ,2834.88,complete,,,,,70872,54468,4565,7500,13469,704487.9909090908,,,,,,
10,サミー,320,Sun Oct 05 2025 09:00:00 GMT+0900 (Japan Standard Time),3DS ランダムカラー,20,92.5,ドル,13638.199999999999,complete,,,,,272764,224120,19420,6000,62064,766551.9909090908,,,,,,
10,ルカ,321,Fri Oct 10 2025 09:00:00 GMT+0900 (Japan Standard Time),New 2DSLL ラベンダー,5,175,ユーロ,30758,complete,,,,,153790,142830,5158,1500,14618,781169.9909090908,,,,,,
10,ルカ,322,Wed Oct 22 2025 09:00:00 GMT+0900 (Japan Standard Time),3DSLL スライドパッド,10,17,ユーロ,2995.74,complete,,,,,29957.399999999998,20871,1047,3000,7133.399999999998,788303.3909090909,,,,,,
10,ルカ,323,Wed Oct 22 2025 09:00:00 GMT+0900 (Japan Standard Time),3DSLL スライドパッド,15,20,ユーロ,3524.4,complete,,,,,52866,33443,910,4500,15833,804136.3909090909,,,,,,
10,ルカ,324,Wed Oct 22 2025 09:00:00 GMT+0900 (Japan Standard Time),PS3 console 初期型 4USB,5,155,ユーロ,27314.1,complete,,,,,136570.5,96390,8763,20000,28943.5,833079.8909090909,,,,,,
10,ルカ,325,Sat Oct 18 2025 09:00:00 GMT+0900 (Japan Standard Time),PSVita 1000 ホワイト,5,110,ユーロ,19314.9,complete,,,,,96574.5,87118,7920,1500,15876.5,848956.3909090909,,,,,,
10,ルカ,325,Sat Oct 18 2025 09:00:00 GMT+0900 (Japan Standard Time),PSVita 2000 ブラック,10,98,ユーロ,17207.82,complete,,,,,172078.2,166624,12535,3000,14989.200000000012,863945.5909090908,,,,,,
10,ルカ,325,Sat Oct 18 2025 09:00:00 GMT+0900 (Japan Standard Time),PSVita 2000 ランダムカラー,10,95,ユーロ,16681.05,complete,,,,,166810.5,160000,14545.454545454546,3000,18355.954545454544,882301.5454545454,,,,,,
11,サミー,326,Sun Nov 02 2025 09:00:00 GMT+0900 (Japan Standard Time),PSP GO ランダムカラー,15,115,ドル,17704.25,complete,,,,,265563.75,247795,6629,4500,19897.75,19897.75,,,,,,
11,サミー,326,Sun Nov 02 2025 09:00:00 GMT+0900 (Japan Standard Time),DSiLL ランダムカラー,15,83,ドル,12777.849999999999,complete,,,,,191667.74999999997,142903,12991,4500,57255.74999999997,77153.49999999997,,,,,,
11,ルカ,327,Mon Nov 03 2025 09:00:00 GMT+0900 (Japan Standard Time),New3DSLL ランダムカラー,20,148,ユーロ,26287.760000000002,complete,,,,,525755.2000000001,500000,45454.545454545456,6000,65209.745454545526,142363.24545454548,,,,,,
11,ルカ,328,Mon Nov 03 2025 09:00:00 GMT+0900 (Japan Standard Time),New3DSLL ライムブラック,5,160,ユーロ,28419.2,complete,,,,,142096,138250,10314,1500,12660,155023.24545454548,,,,,,
11,ルカ,329,Mon Nov 10 2025 09:00:00 GMT+0900 (Japan Standard Time),wii リモコンプラス,10,16,ユーロ,2852.48,complete,,,,,28524.8,12556,215,3000,13183.8,168207.04545454547,,,,,,
11,サミー,330,Sat Nov 08 2025 09:00:00 GMT+0900 (Japan Standard Time),3DS ランダムカラー,20,90,ドル,13818.599999999999,complete,,,,,276372,227799,19639,6000,62212,230419.04545454547,,,,,,
11,サミー,331,Sun Nov 16 2025 09:00:00 GMT+0900 (Japan Standard Time),3DSLL,16,115,ドル,17714.6,complete,,,,,283433.6,269470,24497,4800,33660.59999999998,264079.64545454545,,,,,,
11,ルカ,332,Sun Nov 16 2025 09:00:00 GMT+0900 (Japan Standard Time),Vita 2000 ホワイト、グレシャー,10,105,ユーロ,18802.35,complete,,,,,188023.5,182499,13429,3000,15953.5,280033.14545454545,,,,,,
11,ルカ,333,Sun Nov 16 2025 09:00:00 GMT+0900 (Japan Standard Time),New 3DSLL メタリックブラック,15,153,ユーロ,27397.71,complete,,途中,,,410965.64999999997,397380,21078,4500,30163.649999999965,310196.7954545454,,,,,,
11,サミー,334,Wed Nov 19 2025 09:00:00 GMT+0900 (Japan Standard Time),DSiLL ランダムカラー,25,77,ドル,11978.12,complete,,,,,299453,220000,15547,7500,87500,397696.7954545454,,,,,,
11,サミー,335,Thu Nov 20 2025 09:00:00 GMT+0900 (Japan Standard Time),Vita1000 レッド&ブルー,7,118,ドル,18360.8,complete,,,,,128525.59999999999,108165,8424,2100,26684.59999999999,424381.3954545454,,,,,,
11,サミー,335,Thu Nov 20 2025 09:00:00 GMT+0900 (Japan Standard Time),Vita2000 レッド&オレンジ,4,118,ドル,18360.8,complete,,,,,73443.2,65910,5992,1200,12325.199999999997,436706.5954545454,,,,,,
11,サミー,335,Thu Nov 20 2025 09:00:00 GMT+0900 (Japan Standard Time),Vita2000 アクアブルー,3,115,ドル,17894,complete,,,,,53682,48000,4363.636363636364,900,9145.636363636364,445852.23181818175,,,,,,
11,ルカ,336,Sat Nov 22 2025 09:00:00 GMT+0900 (Japan Standard Time),New3DSLL ランダムカラー,20,160,ユーロ,28897.600000000002,complete,,,,,577952,569900,51809,6000,53861,499713.23181818175,,,,,,
11,ルカ,336,Sat Nov 22 2025 09:00:00 GMT+0900 (Japan Standard Time),New2DSLL ランダムカラー,20,145,ユーロ,26188.45,complete,,,,,523769,470500,40591,6000,87860,587573.2318181817,,,,,,
11,ルカ,337,Fri Nov 28 2025 09:00:00 GMT+0900 (Japan Standard Time),Vita 1000 ブラック,10,105,ユーロ,18964.050000000003,complete,,,,,189640.50000000003,179937,16358,3000,23061.50000000003,610634.7318181817,,,,,,
11,ルカ,337,Fri Nov 28 2025 09:00:00 GMT+0900 (Japan Standard Time),Vita 1000 レッド,ブルー,10,118,ユーロ,21311.980000000003,complete,,,,,213119.80000000005,194260,15996,3000,31855.800000000047,642490.5318181817,,,,,,
12,ルカ,338,Tue Dec 09 2025 09:00:00 GMT+0900 (Japan Standard Time),New3DSLL ランダムカラー,20,157,ユーロ,28487.649999999998,complete,,,,,569753,568270,51661,6000,47144,47144,,,,,,
12,サミー,339,Sat Dec 06 2025 09:00:00 GMT+0900 (Japan Standard Time),New 2DSLL ラベンダー,3,200,ドル,31074,complete,,,,,93222,86158,7833,900,13997,61141,,,,,,
12,サミー,339,Sat Dec 06 2025 09:00:00 GMT+0900 (Japan Standard Time),New 2DSLL オレンジ、ブルー、グリーン,9,165,ドル,25636.05,complete,,,,,230724.44999999998,241650,21968,2700,8342.449999999983,69483.44999999998,,,,,,
12,ルカ,340,Tue Dec 09 2025 09:00:00 GMT+0900 (Japan Standard Time),New 3DS ランダムカラー,10,160,ユーロ,29032,complete,,,,,290320,261272,18399,3000,44447,113930.44999999998,,,,,,
12,ルカ,341,Tue Dec 09 2025 09:00:00 GMT+0900 (Japan Standard Time),Vita 2000 シルバー,5,128,ユーロ,23225.6,complete,,,,,116128,104849,7533,1500,17312,131242.44999999998,,,,,,
12,サミー,342,Mon Dec 08 2025 09:00:00 GMT+0900 (Japan Standard Time),2DS ランダムカラー,10,100,ドル,15511.000000000002,complete,,,,,155110.00000000003,159140,10030,3000,3000.000000000029,134242.45,,,,,,
12,サミー,343,Tue Dec 09 2025 09:00:00 GMT+0900 (Japan Standard Time),PSP3000,25,65,ドル,10189.4,complete,,,,,254735,225000,20454.545454545456,7500,42689.545454545456,176931.99545454548,,,,,,
12,ルカ,344,Mon Dec 15 2025 09:00:00 GMT+0900 (Japan Standard Time),New 2DSLL ラベンダー,5,195,ユーロ,35538.75,complete,,,,,177693.75,160810,9237,1500,24620.75,201552.74545454548,,,,,,
12,サミー,345,Mon Dec 15 2025 09:00:00 GMT+0900 (Japan Standard Time),Vita2000 レッド、ホワイト,10,150,ドル,23389.5,complete,,,,,233895,218708,14189,3000,26376,227928.74545454548,,,,,,
12,サミー,345,Mon Dec 15 2025 09:00:00 GMT+0900 (Japan Standard Time),Vita2000 シルバー,1,160,ドル,24948.800000000003,complete,,,,,24948.800000000003,32160,2924,300,-4587.199999999997,223341.54545454547,,,,,,
12,サミー,346,Mon Dec 15 2025 09:00:00 GMT+0900 (Japan Standard Time),Vita 1000 レッド、ブルー、ホワイト,15,150,ドル,23389.5,complete,,,,,350842.5,313095,17872,4500,51119.5,274461.04545454547,,,,,,
12,サミー,347,Mon Dec 15 2025 09:00:00 GMT+0900 (Japan Standard Time),Vita 1000 ブラック,5,130,ドル,20270.9,complete,,,,,101354.5,90550,6614,1500,15918.5,290379.54545454547,,,,,,
12,サミー,347,Mon Dec 15 2025 09:00:00 GMT+0900 (Japan Standard Time),Vita 2000 オレンジ、ブルー,10,135,ドル,21050.55,complete,,,,,210505.5,196388,14637,3000,25754.5,316134.04545454547,,,,,,
12,ニコ,348,Wed Dec 30 2026 09:00:00 GMT+0900 (Japan Standard Time),GBA ランダムカラー,5,45,ドル,7040.700000000001,complete,,,,,35203.5,36653,2832,1500,-117.5,316016.54545454547,,,,,,
12,ニコ,348,Wed Dec 30 2026 09:00:00 GMT+0900 (Japan Standard Time),GBC ランダムカラー,1,42,ドル,6571.320000000001,complete,,,,,6571.320000000001,6980,635,300,-73.67999999999938,315942.8654545455,,,,,,
12,ニコ,348,Wed Dec 30 2026 09:00:00 GMT+0900 (Japan Standard Time),GBA SP ランダムカラー,1,67,ドル,10482.82,complete,,,,,10482.82,9480,862,300,1564.8199999999997,317507.6854545455,,,,,,
12,ルカ,349,Tue Dec 23 2025 09:00:00 GMT+0900 (Japan Standard Time),Vita 2000 ブラック,5,95,ユーロ,17503.75,complete,,,,,87518.75,78540,7140,1500,14618.75,332126.4354545455,,,,,,
1,サミー,350,Fri Jan 02 2026 09:00:00 GMT+0900 (Japan Standard Time),PSP 3000 レッド、ブラック、ブルー、ホワイト,20,65,ドル,10195.900000000001,complete,,,,,203918.00000000003,194410,17674,6000,21182.00000000003,21182.00000000003,,,,,,
1,サミー,350,Fri Jan 02 2026 09:00:00 GMT+0900 (Japan Standard Time),PSP 3000 ピンク,5,60,ドル,9411.6,complete,,,,,47058,70950,6450,1500,-18942,2240.000000000029,,,,,,
1,サミー,350,Fri Jan 02 2026 09:00:00 GMT+0900 (Japan Standard Time),PSP 3000 グリーン,5,110,ドル,17254.600000000002,complete,,,,,86273.00000000001,82140,7467,1500,10100.000000000015,12340.000000000044,,,,,,
1,サミー,350,Fri Jan 02 2026 09:00:00 GMT+0900 (Japan Standard Time),PSP 3000 ゴールド、シルバー,10,135,ドル,21176.100000000002,complete,,,,,211761.00000000003,173690,14445,3000,49516.00000000003,61856.00000000007,,,,,,
1,ルカ,351,Sun Jan 11 2026 09:00:00 GMT+0900 (Japan Standard Time),3DSLL 白ベース,10,105,ユーロ,19290.6,complete,,,,,192906,172550,15686,3000,33042,94898.00000000007,,,,,,
1,ルカ,351,Sun Jan 11 2026 09:00:00 GMT+0900 (Japan Standard Time),New 3DSLL,5,160,ユーロ,29395.2,complete,,,,,146976,150250,8568,1500,3794,98692.00000000007,,,,,,
1,ルカ,351,Sun Jan 11 2026 09:00:00 GMT+0900 (Japan Standard Time),wii リモコンプラス,10,16,ユーロ,2939.52,complete,,,,,29395.2,13410,0,3000,12985.2,111677.20000000007,,,,,,
1,サミー,352,Tue Jan 20 2026 09:00:00 GMT+0900 (Japan Standard Time),PSP 3000 ブルー,2,65,ドル,10271.95,complete,,,,,20543.9,18000,1636.3636363636363,600,3580.2636363636375,115257.46363636371,,,,,,
1,サミー,352,Tue Jan 20 2026 09:00:00 GMT+0900 (Japan Standard Time),PSP 3000 ブルー ダメージあり,2,60,ドル,9481.8,complete,,,,,18963.6,17000,1545.4545454545455,600,2909.054545454544,118166.51818181826,,,,,,
1,サミー,352,Tue Jan 20 2026 09:00:00 GMT+0900 (Japan Standard Time),PS Vita2000 シルバー,1,110,ドル,17383.3,complete,,,,,17383.3,22000,0,300,-4916.700000000001,113249.81818181826,,,,,,
1,ルカ,353,Thu Jan 22 2026 09:00:00 GMT+0900 (Japan Standard Time),Vita 2000 ブラック,10,98,ユーロ,18251.52,complete,,,,,182515.2,161910,14719,3000,32324.20000000001,145574.01818181828,,,,,,
1,ルカ,354,Sat Jan 24 2026 09:00:00 GMT+0900 (Japan Standard Time),New 3DSLL ランダムカラー,20,158,ユーロ,29098.859999999997,complete,,,,,581977.2,503827,45802,6000,117952.19999999995,263526.21818181826,,,,,,
1,サミー,355,Sat Jan 31 2026 09:00:00 GMT+0900 (Japan Standard Time),PSP 3000 ランダムカラー,40,68,ドル,10521.64,complete,,,,,420865.6,380000,34545.454545454544,12000,63411.05454545452,326937.27272727276,,,,,,
1,サミー,356,Sat Jan 31 2026 09:00:00 GMT+0900 (Japan Standard Time),3DSLL ランダムカラー,20,120,ドル,18567.6,complete,,,,,371352,355570,32324.545454545456,6000,42106.545454545456,369043.81818181823,,,,,,
2,サミー,357,Sun Feb 01 2026 09:00:00 GMT+0900 (Japan Standard Time),Vita 2000 ランダムカラー,20,115,ドル,17793.949999999997,complete,,,,,355878.99999999994,323510,29410,6000,55778.99999999994,55778.99999999994,,,,,,
2,ルカ,358,Mon Feb 02 2026 09:00:00 GMT+0900 (Japan Standard Time),New 3DSLL ランダムカラー,20,158,ユーロ,29133.62,complete,,,,,582672.4,540000,49090.90909090909,6000,85763.30909090911,85763.30909090911,,,,,,
2,サミー,359,Tue Feb 03 2026 09:00:00 GMT+0900 (Japan Standard Time),New 2DSLL ターコイズ,4,175,ドル,27217.75,complete,,,,,108871,76200,6927,1200,38398,124161.30909090911,,,,,,
2,サミー,359,Tue Feb 03 2026 09:00:00 GMT+0900 (Japan Standard Time),New 2DSLL ライム,4,188,ドル,29239.64,complete,,,,,116958.56,83730,7612,1200,39640.56,163801.8690909091,,,,,,
2,サミー,359,Tue Feb 03 2026 09:00:00 GMT+0900 (Japan Standard Time),New 2DSLL オレンジ,4,215,ドル,33438.95,complete,,,,,133755.8,109500,9955,1200,33010.79999999999,196812.6690909091,,,,,,
2,サミー,359,Tue Feb 03 2026 09:00:00 GMT+0900 (Japan Standard Time),New 2DSLL ラベンダー,4,235,ドル,36549.55,complete,,,,,146198.2,125720,11429,1200,30707.20000000001,227519.8690909091,,,,,,
2,サミー,359,Tue Feb 03 2026 09:00:00 GMT+0900 (Japan Standard Time),3DS ピンクを除く,20,90,ドル,13997.7,complete,,,,,279954,250620,22783.636363636364,6000,46117.63636363637,273637.5054545455,,,,,,
2,ルカ,360,Tue Feb 03 2026 09:00:00 GMT+0900 (Japan Standard Time),Vita 1000 ホワイト,5,128,ユーロ,23562.24,complete,,,,,117811.20000000001,112260,8249,1500,12300.200000000012,285937.7054545455,,,,,,
2,ルカ,360,Tue Feb 03 2026 09:00:00 GMT+0900 (Japan Standard Time),DSiLL ランダムカラー,5,55,ユーロ,10124.400000000001,complete,,,,,50622.00000000001,45750,4159,1500,7531.000000000007,293468.7054545455,,,,,,
2,ルカ,361,Mon Feb 09 2026 09:00:00 GMT+0900 (Japan Standard Time),New 3DSLL ランダムカラー,20,158,ユーロ,29416.440000000002,complete,,,,,588328.8,560000,50909.09090909091,6000,73237.89090909096,366706.59636363643,,,,,,
2,ルカ,361,Mon Feb 09 2026 09:00:00 GMT+0900 (Japan Standard Time),New 2DSLL ラベンダー,5,205,ユーロ,38166.9,complete,,,,,190834.5,178970,16270,1500,26634.5,393341.09636363643,,,,,,
2,サミー,362,Mon Feb 16 2026 09:00:00 GMT+0900 (Japan Standard Time),Nintendo64,20,40,ドル,6138.400000000001,complete,,,,,122768.00000000001,101681,3102,11000,13189.000000000015,406530.09636363643,,,,,,
2,サミー,363,Wed Feb 18 2026 09:00:00 GMT+0900 (Japan Standard Time),New 3DS LL ブラック,5,255,ドル,39471.45,complete,,,,,197357.25,175681,15971,2750,34897.25,441427.34636363643,,,,,,
2,サミー,363,Wed Feb 18 2026 09:00:00 GMT+0900 (Japan Standard Time),New 3DS LL ホワイト,10,250,ドル,38697.5,complete,,,,,386975,285736,13862,5500,109601,551028.3463636364,,,,,,
2,サミー,363,Wed Feb 18 2026 09:00:00 GMT+0900 (Japan Standard Time),New 3DS LL レッド,10,225,ドル,34827.75,complete,,,,,348277.5,333181,30289,5500,39885.5,590913.8463636364,,,,,,
2,サミー,363,Wed Feb 18 2026 09:00:00 GMT+0900 (Japan Standard Time),New 3DS LL ブルー,10,210,ドル,32505.899999999998,complete,,,,,325059,314530,20427,5500,25456,616369.8463636364,,,,,,
2,サミー,364,Wed Feb 18 2026 09:00:00 GMT+0900 (Japan Standard Time),Vita 1000 ブラック,10,125,ドル,19348.75,complete,,,,,193487.5,182460,16587,5500,22114.5,638484.3463636364,,,,,,
2,サミー,364,Wed Feb 18 2026 09:00:00 GMT+0900 (Japan Standard Time),Vita 1000 レッド、ブルー、ホワイト,15,160,ドル,24766.399999999998,complete,,,,,371495.99999999994,339478,24951,8250,48718.99999999994,687203.3463636364,,,,,,
2,ルカ,365,Fri Feb 20 2026 09:00:00 GMT+0900 (Japan Standard Time),New 3DS LL ブラック,5,245,ユーロ,44781.1,complete,,,,,223905.5,215940,19631,2750,24846.5,712049.8463636364,,,,,,
2,ルカ,365,Fri Feb 20 2026 09:00:00 GMT+0900 (Japan Standard Time),3DS LL ホワイトベース,10,135,ユーロ,24675.3,complete,,,,,246753,231370,18988,5500,28871,740920.8463636364,,,,,,
2,ルカ,366,Mon Feb 23 2026 09:00:00 GMT+0900 (Japan Standard Time),New 3DSLL ランダムカラー,25,192,ユーロ,35055.36,complete,,,,,876384,800000,72727.27272727272,13750,135361.2727272727,876282.1190909091,,,,,,
2,ルカ,367,Thu Feb 26 2026 09:00:00 GMT+0900 (Japan Standard Time),DSiLL ランダムカラー,20,75,ユーロ,13814.25,complete,,,,,276285,250411,20681,11000,35555,911837.1190909091,,,,,,
2,ルカ,368,Thu Feb 26 2026 09:00:00 GMT+0900 (Japan Standard Time),Vita 2000 ブラック,15,98,ユーロ,18050.62,残 1台,,途中,,,270759.3,255000,23181.81818181818,8250,30691.118181818165,942528.2372727273,,,,,,
3,ルカ,369,Sat Mar 07 2026 09:00:00 GMT+0900 (Japan Standard Time),Vita 1000 ブラック,10,135,ユーロ,24754.95,残 3台,,途中,,,247549.5,234401,21309,5500,28957.5,28957.5,,,,,,
3,ルカ,369,Sat Mar 07 2026 09:00:00 GMT+0900 (Japan Standard Time),Vita 1000 レッド&ブルー,10,145,ユーロ,26588.65,残 3台,,途中,,,265886.5,223070,20279,5500,57595.5,86553,,,,,,
3,ルカ,370,Tue Mar 10 2026 09:00:00 GMT+0900 (Japan Standard Time),Switch lite ランダムカラー,25,85,ユーロ,15567.75,,,途中,,,389193.75,325000,29545.454545454544,13750,79989.20454545454,166542.20454545453,,,,,,